{"cameraMode":{"drawMode":0,"name":"Shaded","section":"Shading Mode"},"sceneLighting":true,"audioPlay":false,"sceneViewState":{"showFog":true,"showMaterialUpdate":false,"showSkybox":true,"showFlares":true,"showImageEffects":true,"showParticleSystems":true},"in2DMode":false,"pivot":{"x":7.231993675231934,"y":8.086668968200684,"z":-8.795204162597657},"rotation":{"x":0.15996019542217256,"y":0.29275262355804446,"z":-0.04974371939897537,"w":0.9414023756980896},"size":27.084087371826173,"orthographic":false}